Id,Target
017959_006,5
019608_005,4
032530_001,0
011159_008,7
001736_002,1
018511_003,2
035275_005,4
035456_003,2
016380_001,0
025004_004,3
039805_006,5
024741_008,7
021300_004,3
035878_007,6
035218_001,0
038666_003,2
035066_002,1
028105_003,2
012384_005,4
026798_002,1
034539_006,5
015876_003,2
000509_009,8
016742_001,0
034713_005,4
013829_009,8
010422_004,3
023939_008,7
035985_009,8
016182_007,6
028888_004,3
006466_004,3
025398_008,7
014189_001,0
014084_001,0
019185_007,6
024348_006,5
008079_008,7
017624_002,1
003641_005,4
022847_007,6
020547_006,5
019018_004,3
030715_003,2
024779_009,8
017737_002,1
010113_001,0
032075_001,0
000544_001,0
005752_008,7
034202_002,1
020620_004,3
001604_009,8
011219_003,2
005505_002,1
025799_005,4
010275_002,1
033155_001,0
019549_008,7
011835_006,5
021924_003,2
002634_006,5
019840_007,6
006194_006,5
037375_005,4
025858_003,2
037606_002,1
030240_007,6
022286_005,4
028619_003,2
024052_009,8
012514_001,0
003108_001,0
008261_006,5
031782_001,0
015800_002,1
033667_004,3
002881_001,0
021757_001,0
001826_006,5
002288_009,8
030340_002,1
032510_001,0
005937_002,1
031406_002,1
012801_003,2
031451_001,0
007506_001,0
020855_009,8
010954_006,5
031317_008,7
005997_001,0
011521_005,4
015745_002,1
028686_007,6
008712_006,5
023049_006,5
022100_005,4
032111_001,0
007626_003,2
026987_002,1
033475_007,6
005552_006,5
017818_005,4
024781_007,6
031135_001,0
012337_009,8
024587_006,5
037500_007,6
034696_008,7
012313_003,2
012364_006,5
018073_001,0
039727_008,7
020238_006,5
019592_006,5
039007_002,1
012634_002,1
036252_009,8
024758_005,4
012214_006,5
022521_002,1
020885_006,5
025471_001,0
005722_006,5
015923_003,2
001367_003,2
019533_007,6
012508_006,5
033911_006,5
016945_002,1
013525_003,2
020415_006,5
032933_004,3
014780_009,8
014982_009,8
000804_003,2
002908_006,5
011986_008,7
024573_003,2
010580_001,0
030877_006,5
034164_004,3
007055_002,1
008394_006,5
013485_001,0
027741_001,0
037297_001,0
038365_001,0
029379_003,2
020859_006,5
039165_009,8
033664_005,4
003604_001,0
035315_009,8
000936_002,1
009391_005,4
008270_002,1
034339_003,2
001132_001,0
030290_001,0
003229_001,0
037274_005,4
033759_009,8
034075_006,5
012134_001,0
017508_003,2
032118_007,6
023580_007,6
004445_002,1
001627_001,0
037621_002,1
022312_003,2
021037_009,8
003383_008,7
034146_004,3
036658_005,4
034568_001,0
032240_009,8
035273_001,0
038228_003,2
018286_006,5
016626_001,0
025578_009,8
038567_004,3
023775_004,3
028945_006,5
030055_007,6
009040_009,8
004703_007,6
032463_001,0
017234_001,0
025347_001,0
012109_007,6
027251_006,5
000290_004,3
000779_006,5
019746_009,8
000376_001,0
002406_002,1
004644_001,0
013152_001,0
018382_001,0
014588_001,0
011062_002,1
017309_003,2
037665_003,2
029464_009,8
003750_004,3
034375_002,1
020331_003,2
012121_002,1
016952_003,2
015998_001,0
031256_002,1
006957_006,5
035443_001,0
024537_005,4
039174_007,6
021746_008,7
036528_002,1
036911_002,1
013184_005,4
032423_006,5
008005_007,6
017366_006,5
008408_001,0
033013_001,0
020955_009,8
009602_006,5
010896_002,1
025443_003,2
013990_007,6
011844_007,6
025389_009,8
009043_006,5
030436_007,6
037513_006,5
007903_009,8
002295_006,5
037057_001,0
017428_002,1
022824_006,5
019100_001,0
020663_001,0
000522_002,1
016416_008,7
022667_009,8
004073_005,4
038200_001,0
037558_003,2
036953_006,5
033649_001,0
017461_006,5
003042_005,4
031828_002,1
032132_002,1
017478_007,6
033305_003,2
007079_001,0
015059_006,5
027552_007,6
003955_006,5
008537_006,5
026102_006,5
018183_002,1
005282_007,6
015626_001,0
031314_003,2
028473_002,1
035319_003,2
002447_005,4
002200_009,8
007430_005,4
034545_005,4
009521_005,4
026247_001,0
035843_007,6
025558_001,0
001462_005,4
012562_007,6
005289_002,1
035098_001,0
001544_006,5
006036_009,8
017980_001,0
015726_001,0
026293_001,0
036614_006,5
014753_006,5
002551_006,5
015663_004,3
016988_006,5
023829_002,1
015548_002,1
000939_002,1
006449_005,4
003977_005,4
007013_001,0
033908_007,6
023786_002,1
012591_001,0
027874_005,4
018196_001,0
018886_001,0
035346_002,1
015194_001,0
018170_005,4
010715_001,0
031232_007,6
031975_003,2
020303_006,5
010237_001,0
032352_006,5
034143_007,6
036885_002,1
015654_002,1
004085_001,0
026998_004,3
000712_001,0
036287_006,5
026816_001,0
028719_006,5
009460_003,2
006482_001,0
028840_006,5
023081_002,1
036094_006,5
031639_002,1
015210_009,8
022409_004,3
028580_005,4
002001_003,2
003791_001,0
039557_002,1
025701_005,4
014926_001,0
013206_001,0
014566_002,1
017525_006,5
002721_006,5
020671_003,2
004892_002,1
011588_002,1
005434_003,2
006037_001,0
019067_005,4
019194_001,0
026712_007,6
016392_001,0
009745_001,0
008453_008,7
024961_006,5
010817_008,7
022632_006,5
013503_003,2
033098_001,0
018345_001,0
023962_002,1
008711_005,4
036415_006,5
038772_001,0
037586_005,4
015055_008,7
004120_003,2
030281_002,1
030670_006,5
035697_009,8
004913_001,0
005209_002,1
005410_001,0
029185_001,0
019348_009,8
018878_001,0
014610_009,8
001817_008,7
031279_009,8
022395_007,6
008114_003,2
026716_006,5
038839_001,0
000510_008,7
026946_001,0
014082_003,2
012267_006,5
026141_003,2
039443_002,1
032394_005,4
006327_002,1
038317_002,1
029224_003,2
031846_007,6
030224_001,0
031173_005,4
009748_009,8
000988_007,6
026015_005,4
017513_009,8
006188_007,6
012158_007,6
014959_001,0
024320_001,0
031693_005,4
021477_006,5
009513_005,4
022743_001,0
017703_006,5
008275_001,0
037534_001,0
022187_002,1
031718_009,8
036876_002,1
016799_006,5
002707_001,0
039237_002,1
001830_003,2
026204_002,1
004968_002,1
004163_001,0
035508_001,0
009893_007,6
009113_005,4
021607_009,8
033192_002,1
037291_002,1
005105_002,1
019188_005,4
031017_007,6
018156_003,2
034982_001,0
008989_008,7
003988_001,0
039068_003,2
008778_007,6
024962_002,1
019708_001,0
031814_005,4
034480_005,4
004128_001,0
004527_002,1
019586_003,2
004802_007,6
006709_008,7
008731_001,0
024458_003,2
034383_005,4
011508_001,0
008684_001,0
004829_001,0
013710_007,6
010675_006,5
035349_002,1
003542_005,4
035196_002,1
004670_002,1
029931_003,2
020186_006,5
030920_006,5
038231_001,0
004196_008,7
013770_002,1
020879_006,5
034833_004,3
005913_005,4
034364_002,1
021190_006,5
025763_002,1
007504_001,0
031180_002,1
011532_001,0
020550_001,0
004102_004,3
034120_007,6
017140_008,7
017328_001,0
027070_001,0
001460_001,0
004712_003,2
008776_007,6
009035_001,0
016280_002,1
029979_002,1
020628_006,5
006606_001,0
037277_002,1
014252_006,5
006726_002,1
018563_001,0
009326_006,5
038376_006,5
018472_007,6
013135_005,4
012448_001,0
002566_007,6
032214_006,5
012326_003,2
024753_006,5
035510_009,8
020610_002,1
024785_009,8
029681_002,1
007313_002,1
039785_006,5
012127_003,2
015046_008,7
021121_001,0
019020_002,1
015961_002,1
033926_009,8
034132_006,5
019529_006,5
025897_002,1
037188_008,7
031958_004,3
031031_003,2
004328_001,0
028568_003,2
004897_005,4
004239_003,2
001903_002,1
002884_003,2
027946_005,4
006039_008,7
015880_001,0
007836_009,8
030929_001,0
011095_006,5
027370_008,7
016340_001,0
005358_001,0
032262_007,6
011670_001,0
023618_001,0
000218_007,6
012570_001,0
013244_006,5
012569_008,7
006319_006,5
039413_004,3
013242_009,8
022671_008,7
024224_007,6
026556_001,0
002326_009,8
017338_008,7
023404_001,0
024459_001,0
018949_006,5
001790_006,5
033276_008,7
039567_001,0
019853_005,4
021817_005,4
035165_002,1
017056_008,7
011461_007,6
010043_006,5
000038_007,6
034238_009,8
022052_001,0
010983_003,2
021130_003,2
033118_001,0
023331_006,5
029116_003,2
020854_005,4
006274_007,6
032651_001,0
036621_005,4
005254_002,1
017189_001,0
005011_006,5
001039_006,5
028353_001,0
009780_001,0
021154_001,0
014266_007,6
009527_003,2
037623_002,1
005867_002,1
008010_006,5
027436_006,5
019250_002,1
028570_009,8
013594_007,6
024021_007,6
023228_008,7
006639_009,8
026090_008,7
034528_008,7
004814_001,0
023818_008,7
022580_001,0
002911_008,7
015524_004,3
005169_003,2
016455_003,2
013899_002,1
031346_003,2
013512_002,1
013134_006,5
030336_005,4
002713_005,4
008138_005,4
026813_007,6
013651_003,2
013688_005,4
031835_001,0
025956_008,7
010030_007,6
006993_001,0
036083_009,8
039092_006,5
027477_003,2
016137_007,6
012971_001,0
016598_001,0
019796_001,0
002274_007,6
030286_003,2
016081_001,0
031550_002,1
008414_007,6
003435_008,7
002080_002,1
037892_006,5
017848_002,1
006321_002,1
013648_004,3
024252_006,5
031083_009,8
032644_002,1
009827_001,0
023658_001,0
020189_001,0
034260_002,1
035984_003,2
013621_002,1
026726_002,1
009386_006,5
003907_003,2
018824_005,4
030188_008,7
030630_007,6
013124_003,2
019200_006,5
010785_006,5
038925_009,8
003182_006,5
011359_001,0
001397_001,0
006671_002,1
029650_001,0
026750_004,3
018303_001,0
001527_009,8
008574_009,8
033438_006,5
028714_007,6
017999_002,1
010965_009,8
017065_004,3
028713_001,0
033899_005,4
032195_001,0
028497_001,0
013028_001,0
010505_006,5
015478_008,7
021827_006,5
022299_006,5
017717_001,0
000716_002,1
023644_008,7
029220_004,3
026384_001,0
017560_003,2
012574_001,0
008158_003,2
030586_006,5
005164_005,4
013531_001,0
021079_002,1
039242_006,5
037620_008,7
022349_002,1
023780_001,0
017402_006,5
036177_008,7
001546_008,7
035754_001,0
036827_006,5
012392_007,6
021475_001,0
028694_008,7
039205_007,6
036511_005,4
036741_006,5
008256_006,5
017639_002,1
012243_002,1
018477_003,2
034805_001,0
027243_005,4
007719_002,1
020791_006,5
037287_002,1
010554_003,2
030095_009,8
024444_003,2
020996_001,0
001155_007,6
016595_005,4
031250_001,0
002239_001,0
008948_009,8
034468_002,1
032713_001,0
021441_006,5
017645_003,2
031768_002,1
019124_002,1
003020_003,2
002143_006,5
007352_007,6
019630_001,0
015402_005,4
002504_004,3
014936_009,8
037471_008,7
019514_009,8
013419_009,8
010508_001,0
001622_005,4
010659_006,5
003504_001,0
018821_002,1
008105_002,1
003156_001,0
015852_008,7
022223_005,4
009817_001,0
016843_002,1
015823_001,0
022727_001,0
036793_002,1
018401_007,6
004660_009,8
014120_009,8
036053_006,5
029674_005,4
036615_005,4
034403_002,1
020338_008,7
002296_001,0
001249_005,4
020060_002,1
025765_004,3
030637_009,8
020392_007,6
002507_002,1
011841_002,1
021110_007,6
036298_002,1
012029_002,1
026788_003,2
033586_002,1
002900_005,4
031641_001,0
039026_008,7
011322_002,1
006192_005,4
022548_003,2
031985_001,0
020655_001,0
035278_001,0
028517_009,8
032884_001,0
024129_007,6
035374_002,1
005534_009,8
023460_005,4
024324_001,0
037132_002,1
024002_008,7
032231_003,2
032089_006,5
021379_002,1
038090_006,5
016644_004,3
027420_007,6
014437_002,1
010164_006,5
031482_007,6
001467_008,7
000358_001,0
024142_003,2
003228_001,0
011560_006,5
034098_001,0
029210_006,5
023716_009,8
037959_002,1
007515_002,1
037090_006,5
030482_008,7
039846_002,1
012875_009,8
031341_006,5
023263_001,0
030319_008,7
002193_001,0
018688_003,2
001741_006,5
038210_003,2
038962_001,0
021812_001,0
039463_006,5
006970_008,7
019580_001,0
010619_003,2
026842_006,5
024175_004,3
024467_005,4
000154_006,5
026313_004,3
007431_001,0
017453_006,5
037081_008,7
035584_006,5
007725_004,3
027270_002,1
005806_002,1
018367_003,2
034957_005,4
036891_007,6
032857_007,6
006080_008,7
011568_006,5
017829_001,0
027123_002,1
018568_002,1
017610_006,5
029468_006,5
021751_006,5
015039_002,1
014456_002,1
018679_001,0
004351_006,5
034249_008,7
033773_003,2
012976_009,8
034535_001,0
018577_001,0
019774_001,0
015169_001,0
025917_004,3
028647_007,6
016409_002,1
039391_007,6
020286_009,8
015048_007,6
020914_002,1
004642_002,1
039333_003,2
033807_003,2
021801_001,0
023401_002,1
016792_005,4
021730_006,5
001769_006,5
004650_008,7
022022_009,8
037756_008,7
002103_005,4
000848_005,4
037759_006,5
038974_008,7
027731_002,1
017219_003,2
011215_005,4
036033_001,0
012232_003,2
025566_003,2
013839_001,0
002852_002,1
008756_002,1
004417_001,0
011158_004,3
011845_003,2
008486_002,1
012400_006,5
008348_002,1
025237_002,1
026681_003,2
024010_002,1
032662_002,1
027597_002,1
015621_001,0
034309_002,1
037920_006,5
024766_002,1
013711_005,4
017917_007,6
000434_001,0
029507_003,2
026863_001,0
027489_002,1
021113_001,0
037174_001,0
034016_009,8
023568_002,1
017732_004,3
007044_005,4
015731_001,0
021343_005,4
019481_009,8
013815_001,0
039530_006,5
034726_005,4
011412_002,1
032350_002,1
039706_001,0
031716_003,2
003556_007,6
009749_009,8
038179_009,8
036822_008,7
028439_001,0
007915_003,2
017727_007,6
026623_007,6
026475_001,0
024527_008,7
001620_006,5
025349_002,1
008427_002,1
000162_001,0
002226_006,5
027749_001,0
028035_007,6
005365_002,1
020607_007,6
001188_002,1
007998_005,4
031520_009,8
027502_001,0
033804_001,0
003951_009,8
030479_002,1
010231_007,6
009255_008,7
002885_009,8
015498_009,8
039762_002,1
018202_009,8
030546_006,5
014852_003,2
016838_007,6
003276_009,8
027976_006,5
024792_008,7
018350_003,2
009571_003,2
003237_001,0
024410_006,5
000713_001,0
022910_006,5
013400_005,4
036343_001,0
023252_006,5
029905_005,4
012141_001,0
005686_005,4
008794_006,5
008606_006,5
031622_002,1
035891_001,0
019836_008,7
014282_003,2
034106_001,0
039338_002,1
003861_006,5
012277_001,0
012239_002,1
018167_004,3
026536_003,2
021830_009,8
008111_007,6
031199_007,6
019664_006,5
026188_005,4
004117_002,1
009651_002,1
000540_001,0
029522_001,0
029695_001,0
019642_001,0
002981_008,7
028902_005,4
023651_003,2
010191_001,0
014283_006,5
020519_001,0
013608_002,1
012530_004,3
012533_002,1
006262_002,1
010907_001,0
032200_005,4
005689_007,6
025557_002,1
010443_009,8
026221_001,0
016646_007,6
005093_006,5
017339_002,1
025589_001,0
015220_002,1
006554_005,4
010667_006,5
028067_002,1
016206_002,1
034177_003,2
030311_005,4
033647_001,0
004945_002,1
037582_005,4
010229_002,1
034911_001,0
029757_006,5
028164_002,1
014602_002,1
010851_001,0
004005_005,4
019867_001,0
016410_001,0
016374_009,8
008887_006,5
027312_006,5
008777_006,5
009167_003,2
030642_006,5
024848_003,2
029984_005,4
005823_003,2
034470_001,0
023776_002,1
011909_009,8
031287_002,1
005755_005,4
016257_009,8
014955_002,1
035904_002,1
007168_005,4
029328_005,4
028111_005,4
030293_007,6
037894_005,4
039881_003,2
007004_001,0
024011_001,0
024717_004,3
039945_005,4
019601_005,4
021017_001,0
004430_006,5
020412_007,6
008967_005,4
038312_001,0
010308_009,8
000714_007,6
029833_002,1
020171_001,0
022968_002,1
017243_007,6
016328_007,6
001861_006,5
013467_007,6
025464_002,1
026497_001,0
005908_001,0
002004_002,1
008662_006,5
019720_002,1
021049_002,1
018675_002,1
035858_003,2
036120_008,7
007355_005,4
018576_006,5
008956_001,0
032982_001,0
016438_002,1
028909_003,2
038266_002,1
028709_004,3
035269_003,2
009607_001,0
007249_001,0
021939_007,6
022933_002,1
032281_004,3
015266_007,6
000279_001,0
017977_001,0
011637_007,6
017515_006,5
038953_009,8
034316_001,0
037858_002,1
025348_001,0
021661_003,2
035861_006,5
039079_005,4
034400_007,6
029447_004,3
024211_006,5
026395_003,2
020962_002,1
021873_001,0
006212_006,5
026724_008,7
021366_008,7
005056_009,8
027571_003,2
032683_008,7
027716_006,5
035457_002,1
001379_001,0
038422_009,8
017498_009,8
008187_005,4
035225_008,7
012366_002,1
018655_003,2
011039_002,1
022289_009,8
017487_008,7
011831_004,3
035637_006,5
010454_002,1
001981_005,4
018035_001,0
035321_006,5
038982_003,2
023613_001,0
028169_006,5
023766_003,2
017139_001,0
037581_001,0
023798_002,1
028745_006,5
019026_007,6
021196_002,1
027887_001,0
014373_005,4
001372_002,1
012202_002,1
012675_005,4
031036_001,0
015368_002,1
031109_007,6
003713_006,5
004099_003,2
009024_008,7
028977_006,5
003550_002,1
021818_007,6
010495_002,1
007898_002,1
001418_006,5
018370_005,4
017606_004,3
036536_001,0
020074_008,7
023023_002,1
017434_001,0
007427_002,1
016330_002,1
036555_001,0
007461_003,2
012186_006,5
035484_001,0
021537_008,7
001964_007,6
020697_004,3
021040_005,4
014633_006,5
002854_001,0
018283_001,0
001525_006,5
028703_009,8
011564_002,1
014286_006,5
007682_006,5
030450_002,1
008276_001,0
007995_001,0
031087_006,5
022540_007,6
031448_009,8
015312_007,6
037125_001,0
032306_002,1
031557_008,7
029542_003,2
031719_005,4
033406_002,1
036567_008,7
012577_009,8
038614_003,2
015041_001,0
008121_006,5
037256_006,5
022619_007,6
020355_003,2
005010_001,0
006379_005,4
025032_003,2
009870_006,5
022695_008,7
032025_007,6
033162_009,8
014528_006,5
014453_003,2
005495_002,1
029338_001,0
017336_003,2
037071_003,2
023922_008,7
000078_008,7
016009_009,8
032855_001,0
028337_002,1
016510_001,0
026719_003,2
030264_001,0
022030_008,7
017017_006,5
034080_007,6
014809_006,5
026383_006,5
031525_001,0
001595_009,8
009540_001,0
018663_001,0
019639_006,5
016197_009,8
019589_006,5
018295_006,5
016974_007,6
017911_001,0
009354_004,3
033638_005,4
013629_006,5
030830_001,0
028043_006,5
019679_001,0
035698_009,8
029917_001,0
009535_006,5
008567_009,8
008848_006,5
016981_008,7
022805_002,1
024104_002,1
027740_007,6
002198_005,4
013572_008,7
006617_001,0
005972_002,1
037209_009,8
015826_006,5
029725_001,0
009920_006,5
010425_002,1
010935_009,8
012137_009,8
019874_001,0
033614_002,1
022363_002,1
004905_002,1
010161_003,2
020420_002,1
039887_001,0
028483_002,1
010053_005,4
020028_006,5
027518_008,7
013751_001,0
032945_009,8
010493_003,2
037186_003,2
027168_006,5
034673_002,1
025686_002,1
039202_002,1
025116_007,6
011775_001,0
013274_008,7
035679_007,6
029630_001,0
014643_003,2
005600_006,5
004549_006,5
034043_006,5
019912_005,4
000136_003,2
036380_001,0
016214_002,1
023476_006,5
025664_003,2
010981_004,3
016045_006,5
003479_008,7
000764_007,6
011307_005,4
004817_006,5
013389_001,0
003700_009,8
012730_005,4
025286_007,6
026554_002,1
008973_001,0
039715_002,1
006270_002,1
005672_001,0
028859_003,2
018504_005,4
038137_009,8
004251_001,0
017673_002,1
008484_002,1
025111_001,0
010091_003,2
038399_009,8
037229_009,8
010727_002,1
013154_003,2
026366_002,1
033092_007,6
007390_001,0
009756_001,0
005178_009,8
026042_001,0
003885_001,0
019088_006,5
026985_002,1
032401_009,8
031471_009,8
030042_006,5
030302_007,6
014151_001,0
036301_002,1
010114_002,1
003292_001,0
004437_003,2
005648_002,1
038820_006,5
011573_002,1
021073_001,0
013358_001,0
001732_002,1
030892_009,8
003419_006,5
003735_005,4
034460_007,6
012026_006,5
005716_001,0
014686_001,0
033488_008,7
014856_007,6
016547_006,5
026197_008,7
032861_002,1
021239_001,0
000179_002,1
018279_009,8
022459_002,1
021709_002,1
036228_003,2
001766_002,1
007071_003,2
033788_002,1
006094_001,0
018451_006,5
009658_002,1
000082_008,7
018132_003,2
013681_001,0
032723_001,0
010384_002,1
016283_002,1
022839_006,5
002366_001,0
001365_001,0
015701_003,2
038054_002,1
022478_002,1
013914_001,0
013296_002,1
029876_006,5
003268_008,7
021836_008,7
003367_004,3
031125_005,4
018836_002,1
039200_006,5
004137_002,1
027408_006,5
016912_003,2
028011_002,1
008506_001,0
039084_001,0
014952_002,1
022317_009,8
032835_007,6
030693_008,7
030861_002,1
023789_001,0
022699_002,1
036413_006,5
002171_007,6
015459_006,5
039979_003,2
028731_007,6
002970_003,2
008362_008,7
018287_005,4
034272_002,1
032928_002,1
025862_001,0
000329_008,7
014631_005,4
020332_001,0
028705_007,6
026571_002,1
019038_003,2
017881_001,0
033984_006,5
034126_001,0
020877_008,7
026240_001,0
010688_001,0
003304_003,2
036100_006,5
017103_002,1
000507_008,7
032123_002,1
020111_008,7
027451_009,8
030564_002,1
000302_001,0
034888_001,0
009021_007,6
029250_005,4
025106_001,0
034056_001,0
026365_006,5
007683_002,1
008838_009,8
014915_007,6
025118_003,2
003061_007,6
002270_002,1
016021_005,4
001575_008,7
019263_003,2
033294_003,2
018487_006,5
017306_003,2
014499_001,0
014350_002,1
029315_006,5
024076_009,8
038146_007,6
026731_006,5
010296_001,0
023691_001,0
027063_006,5
005760_001,0
000339_007,6
022485_002,1
000956_003,2
005025_004,3
037948_001,0
010262_005,4
027207_003,2
010449_007,6
022433_002,1
039989_001,0
033031_001,0
017665_003,2
016039_001,0
006458_002,1
026332_008,7
003418_005,4
030692_006,5
032831_006,5
017281_006,5
008659_001,0
005458_001,0
017856_005,4
036905_008,7
004497_001,0
033483_001,0
018912_001,0
002860_002,1
031086_001,0
025749_007,6
026949_009,8
032090_001,0
012864_002,1
022937_009,8
017146_001,0
003289_005,4
026515_002,1
037880_001,0
009673_006,5
013494_002,1
031734_001,0
034002_001,0
039030_006,5
015582_007,6
015323_007,6
019932_008,7
010413_002,1
005679_002,1
024109_001,0
018668_008,7
008827_003,2
030321_001,0
039653_002,1
005187_005,4
006411_001,0
001239_002,1
017048_003,2
012835_005,4
000383_003,2
027287_005,4
020964_003,2
007369_001,0
016967_001,0
021144_006,5
015656_002,1
001374_006,5
011394_002,1
023145_005,4
032365_007,6
008571_005,4
030214_003,2
016935_006,5
017353_006,5
024735_001,0
039991_005,4
032706_006,5
007640_005,4
001115_006,5
027661_002,1
031531_001,0
036330_006,5
020696_009,8
018320_001,0
028504_005,4
008389_006,5
010699_005,4
008795_001,0
009848_002,1
012039_002,1
007015_003,2
010122_008,7
031680_009,8
027692_001,0
028433_001,0
025132_003,2
036961_002,1
009449_002,1
027990_009,8
012498_009,8
002489_001,0
013573_009,8
029020_008,7
020798_001,0
039728_001,0
013052_003,2
010473_005,4
015794_001,0
010726_001,0
018112_009,8
029073_009,8
032012_002,1
004602_006,5
004904_001,0
023840_001,0
029376_008,7
004545_001,0
009668_003,2
006138_001,0
021193_001,0
032227_002,1
016852_005,4
013118_009,8
021934_003,2
013519_007,6
003000_008,7
028438_005,4
021266_001,0
035512_001,0
036425_001,0
004843_006,5
025359_001,0
039952_007,6
021242_002,1
003578_006,5
019936_006,5
029809_001,0
007433_003,2
021500_003,2
031229_001,0
020454_002,1
003656_001,0
024519_001,0
011749_008,7
017791_001,0
006216_001,0
026426_006,5
030845_001,0
011623_003,2
036949_007,6
022753_001,0
030125_001,0
008307_003,2
037078_006,5
013705_005,4
039038_002,1
023239_001,0
035809_006,5
022218_002,1
030824_006,5
025872_007,6
020969_002,1
018644_008,7
008849_001,0
017794_001,0
015440_003,2
013490_006,5
034210_002,1
019627_008,7
020603_007,6
012012_001,0
006003_005,4
013440_001,0
020448_001,0
001660_005,4
014169_006,5
028665_008,7
007525_006,5
022368_005,4
015906_008,7
038478_001,0
033346_002,1
020808_001,0
015356_006,5
038262_006,5
016353_003,2
008430_008,7
000822_001,0
031599_002,1
030710_002,1
012881_009,8
025478_006,5
039154_002,1
013056_008,7
000692_002,1
028231_006,5
004425_005,4
006697_006,5
013985_001,0
028232_006,5
032030_009,8
026569_001,0
010610_002,1
026660_009,8
029332_003,2
020040_005,4
034192_002,1
018653_006,5
012879_007,6
000617_009,8
023416_007,6
005829_006,5
019134_009,8
006058_008,7
034933_002,1
035169_001,0
028421_001,0
030075_006,5
032673_004,3
024958_005,4
027868_005,4
005791_003,2
010507_006,5
021595_006,5
006280_002,1
018638_004,3
036433_001,0
009963_003,2
028772_003,2
010781_006,5
032403_002,1
031583_003,2
005466_006,5
025603_006,5
030627_004,3
016511_006,5
032526_001,0
035378_009,8
020982_009,8
033886_005,4
011445_007,6
003903_002,1
022675_003,2
013609_006,5
001049_001,0
001450_001,0
015933_002,1
035162_008,7
025646_008,7
006858_002,1
028307_001,0
012649_001,0
002701_009,8
031723_002,1
020973_008,7
039005_005,4
006782_007,6
026492_009,8
039071_002,1
014662_006,5
012272_002,1
022336_005,4
030108_001,0
011053_001,0
009575_006,5
028121_005,4
009913_002,1
037688_005,4
024470_001,0
027774_001,0
002404_002,1
015358_001,0
011561_002,1
006587_003,2
034133_006,5
006381_009,8
019272_006,5
024972_006,5
037924_002,1
031441_009,8
036071_002,1
037493_009,8
019888_002,1
020681_009,8
033452_006,5
008373_006,5
003949_001,0
037382_007,6
015279_005,4
031492_004,3
001085_001,0
035339_008,7
033030_002,1
010005_002,1
032725_002,1
037309_001,0
001900_006,5
035220_001,0
010089_001,0
034412_003,2
016327_008,7
002128_001,0
001229_002,1
012695_007,6
036592_003,2
029547_009,8
021152_008,7
012031_002,1
026035_001,0
035857_001,0
015938_002,1
014724_002,1
015787_009,8
018543_007,6
018661_008,7
033645_004,3
012860_006,5
031351_001,0
028781_008,7
010626_001,0
034557_007,6
007016_008,7
034878_002,1
000775_005,4
034000_001,0
018749_001,0
016376_006,5
007143_005,4
005801_007,6
002125_001,0
032466_003,2
031564_003,2
013732_005,4
009791_001,0
025426_006,5
036875_003,2
005462_001,0
020428_005,4
023241_001,0
033529_002,1
010571_001,0
035250_006,5
031440_007,6
029453_001,0
013295_002,1
022314_008,7
010077_004,3
024954_009,8
002371_001,0
006171_004,3
001936_003,2
016723_002,1
011810_003,2
022563_008,7
026745_003,2
033552_007,6
022996_002,1
017919_007,6
001561_006,5
021689_006,5
034199_006,5
020919_005,4
027605_003,2
001490_001,0
011656_009,8
009331_001,0
030686_007,6
038806_005,4
005360_001,0
000977_001,0
035732_003,2
024449_001,0
030181_001,0
013679_006,5
006075_006,5
006000_006,5
026608_001,0
018296_001,0
025139_005,4
005149_002,1
037802_006,5
013170_009,8
001162_002,1
023371_003,2
001109_001,0
010615_001,0
033184_001,0
025965_001,0
014917_004,3
022076_001,0
019034_008,7
033699_008,7
033714_002,1
028673_008,7
022926_007,6
000099_001,0
009855_001,0
013920_001,0
036576_001,0
014085_001,0
036232_009,8
025498_006,5
003157_003,2
015920_006,5
012269_002,1
023690_001,0
017358_006,5
021681_006,5
022324_001,0
008923_002,1
022938_004,3
005508_008,7
025005_002,1
030124_001,0
022001_001,0
009685_009,8
026163_007,6
027318_007,6
032107_001,0
009693_005,4
037508_004,3
030928_002,1
024108_002,1
038073_001,0
039236_005,4
007530_002,1
032120_002,1
010312_003,2
024522_003,2
014071_001,0
030743_001,0
029572_005,4
001466_009,8
036620_001,0
031305_001,0
018540_006,5
009369_003,2
036182_005,4
036061_008,7
027838_007,6
037859_007,6
016786_002,1
036447_001,0
001441_006,5
039311_001,0
007275_006,5
028453_001,0
004726_001,0
010560_005,4
003830_003,2
030150_006,5
029106_001,0
037727_009,8
019257_002,1
006548_004,3
027257_006,5
034526_007,6
019818_001,0
032621_009,8
006847_003,2
039491_006,5
017905_009,8
025650_007,6
031840_006,5
005085_008,7
009764_006,5
029645_009,8
038341_002,1
028598_005,4
000762_001,0
022889_001,0
037875_004,3
026161_005,4
005998_002,1
025723_009,8
003298_006,5
029925_003,2
034393_006,5
036305_003,2
022611_002,1
016525_001,0
012652_002,1
036830_002,1
030253_006,5
031796_002,1
001304_007,6
038089_003,2
028406_001,0
037368_002,1
036376_003,2
008682_006,5
021580_006,5
017276_006,5
034092_003,2
022237_005,4
002589_001,0
039386_005,4
025322_008,7
018179_008,7
039768_002,1
022346_004,3
024918_007,6
026931_002,1
007129_003,2
032795_001,0
037272_007,6
029459_009,8
015037_009,8
015555_001,0
022691_002,1
034113_005,4
015243_006,5
016606_003,2
013271_001,0
014432_002,1
007230_003,2
028757_002,1
037163_006,5
018353_002,1
005680_001,0
006454_007,6
011734_005,4
028516_009,8
038602_001,0
024176_007,6
012230_003,2
000244_006,5
018986_007,6
014963_009,8
020178_005,4
036143_007,6
037005_007,6
016242_002,1
002992_008,7
004777_002,1
033486_005,4
005212_001,0
002831_008,7
013437_006,5
025339_006,5
027574_004,3
035518_001,0
019251_001,0
029896_001,0
022735_006,5
008428_003,2
012719_008,7
005558_003,2
029173_005,4
024926_001,0
014182_001,0
025402_001,0
002955_001,0
024454_006,5
028419_006,5
030464_002,1
032812_008,7
020514_008,7
018218_006,5
006433_001,0
032541_005,4
003732_003,2
001923_004,3
008194_004,3
009760_006,5
030816_006,5
025043_001,0
007350_009,8
018785_007,6
013003_003,2
010912_001,0
026326_006,5
009028_008,7
031159_001,0
028885_003,2
015786_003,2
008193_005,4
014416_005,4
002915_003,2
020041_001,0
001677_002,1
034738_009,8
035296_003,2
015571_006,5
038291_006,5
009469_007,6
008905_001,0
004853_002,1
038504_002,1
000304_001,0
011419_008,7
035133_009,8
036855_002,1
036009_002,1
037824_007,6
013720_003,2
009400_002,1
005531_007,6
033519_001,0
021854_001,0
026407_009,8
007373_001,0
001097_009,8
020745_002,1
014419_003,2
000823_006,5
036985_003,2
035283_002,1
026268_008,7
004468_001,0
015664_001,0
016961_002,1
019540_006,5
003833_005,4
008728_005,4
038011_002,1
006538_003,2
035189_007,6
006304_001,0
031047_003,2
010923_001,0
010654_001,0
010343_006,5
011000_007,6
036354_006,5
024610_005,4
034891_006,5
012468_005,4
000216_001,0
010342_001,0
039687_001,0
023410_006,5
014323_002,1
007634_001,0
020324_008,7
032792_001,0
007978_006,5
016631_001,0
001384_003,2
001881_003,2
014978_004,3
032055_002,1
003327_001,0
027750_007,6
007407_005,4
007483_001,0
007107_006,5
003815_001,0
012603_005,4
001747_007,6
009292_007,6
025538_008,7
028775_005,4
004973_006,5
014106_003,2
015828_001,0
029282_008,7
016007_001,0
024606_006,5
034487_002,1
031419_006,5
004090_006,5
006475_002,1
034031_002,1
016144_002,1
010795_001,0
022319_002,1
008773_001,0
006880_004,3
030139_001,0
023541_002,1
020686_005,4
034695_002,1
011383_001,0
013659_001,0
034216_007,6
018852_005,4
005092_001,0
031762_006,5
011657_009,8
012016_001,0
001313_002,1
032232_006,5
006507_006,5
039383_001,0
019821_009,8
018139_004,3
039901_007,6
001156_009,8
000108_006,5
021488_001,0
030962_005,4
033078_002,1
038475_001,0
023084_001,0
028021_001,0
024646_001,0
025833_001,0
008647_001,0
013009_001,0
013636_006,5
013065_007,6
011892_006,5
002728_002,1
029288_006,5
030963_006,5
006093_001,0
033229_001,0
017951_002,1
033389_008,7
012877_006,5
015182_001,0
006890_001,0
038068_006,5
039040_006,5
017178_001,0
034769_003,2
012312_006,5
029160_003,2
016819_005,4
024748_005,4
007191_009,8
002895_001,0
025369_001,0
029011_006,5
018168_005,4
026630_005,4
035836_002,1
006816_005,4
029267_003,2
018251_003,2
039767_002,1
009306_006,5
013754_002,1
027397_009,8
028408_004,3
033401_005,4
036451_007,6
036037_007,6
001962_005,4
035582_001,0
039947_008,7
036059_001,0
029550_007,6
003015_005,4
023790_007,6
005980_002,1
004362_001,0
038437_001,0
002826_003,2
028796_009,8
028293_006,5
033358_005,4
003421_006,5
015690_006,5
025165_006,5
011607_003,2
019311_007,6
038683_001,0
033413_009,8
017058_001,0
024968_008,7
003319_002,1
017518_003,2
004899_001,0
032064_004,3
036590_007,6
039705_006,5
032727_003,2
035933_002,1
020244_001,0
028749_002,1
021570_009,8
038677_003,2
000952_006,5
011283_002,1
030056_008,7
016224_001,0
026596_006,5
034492_001,0
031231_002,1
018106_005,4
029176_001,0
032726_006,5
007139_001,0
008302_001,0
022653_006,5
006184_007,6
020395_006,5
019581_007,6
006148_007,6
006251_009,8
011540_001,0
008846_002,1
024531_001,0
009242_008,7
011922_001,0
031170_001,0
030223_006,5
022122_002,1
019697_001,0
012011_001,0
014372_006,5
014143_002,1
007074_004,3
035234_006,5
004910_008,7
033593_006,5
038981_001,0
031755_004,3
032277_001,0
022532_002,1
004292_002,1
003717_005,4
026856_001,0
018553_002,1
006604_005,4
001805_009,8
006919_007,6
039493_002,1
027483_008,7
018966_005,4
002764_007,6
016698_002,1
022222_006,5
032523_001,0
028959_005,4
027850_003,2
035494_001,0
019450_004,3
014961_005,4
031075_003,2
025907_006,5
013545_002,1
015450_002,1
020312_001,0
015325_009,8
002155_002,1
036408_007,6
001295_003,2
029316_001,0
030439_004,3
032218_002,1
022480_001,0
006638_007,6
008726_001,0
034703_006,5
026527_001,0
000586_001,0
034697_001,0
004951_001,0
009091_008,7
023608_002,1
000888_001,0
006767_001,0
029697_002,1
026535_005,4
032270_002,1
028611_007,6
032066_002,1
030756_002,1
037426_009,8
015078_005,4
038091_006,5
035244_001,0
005270_003,2
036787_002,1
001310_002,1
035503_003,2
032236_006,5
010970_002,1
033625_001,0
037165_007,6
029573_001,0
038224_006,5
029449_006,5
004203_007,6
022230_002,1
035483_002,1
022404_007,6
039622_001,0
025337_006,5
019760_005,4
035822_004,3
020135_002,1
013903_008,7
034324_008,7
002112_005,4
013315_002,1
039571_007,6
018651_006,5
037974_001,0
023797_009,8
009397_008,7
019422_001,0
007663_001,0
031689_003,2
011354_001,0
015008_001,0
014077_009,8
029443_001,0
032484_002,1
013083_001,0
025421_001,0
025988_005,4
024382_003,2
027907_001,0
028663_006,5
009522_005,4
012878_008,7
025595_007,6
035835_005,4
022536_002,1
007003_002,1
034308_005,4
038221_002,1
017006_009,8
000756_004,3
012408_003,2
002310_006,5
019153_002,1
038887_002,1
026187_006,5
013723_001,0
004213_003,2
004921_005,4
039740_005,4
015919_004,3
026203_001,0
007062_007,6
038909_001,0
030802_006,5
024031_002,1
026138_006,5
037415_001,0
008172_005,4
016715_007,6
034567_005,4
012437_006,5
002526_004,3
006174_006,5
021142_002,1
024671_005,4
002212_003,2
015509_001,0
001404_001,0
006424_005,4
002693_003,2
028919_005,4
036203_001,0
006448_001,0
019856_002,1
005327_007,6
027341_002,1
020095_002,1
031892_001,0
020254_001,0
038765_006,5
029794_002,1
038947_006,5
037035_001,0
000776_009,8
037320_002,1
015481_006,5
029589_002,1
027512_002,1
023726_006,5
003592_007,6
018172_006,5
030677_001,0
008925_007,6
019513_001,0
006328_001,0
039186_007,6
014056_003,2
030483_002,1
012556_001,0
020993_006,5
001270_001,0
020270_002,1
024923_005,4
033758_007,6
013209_004,3
018293_001,0
018135_001,0
011216_006,5
005306_002,1
012136_008,7
006609_006,5
004423_002,1
002169_006,5
036761_001,0
035714_003,2
020832_008,7
024445_006,5
032407_002,1
010962_002,1
001400_009,8
019826_004,3
020939_008,7
018388_009,8
013547_009,8
033856_003,2
027165_007,6
004594_002,1
030995_002,1
006383_006,5
018641_001,0
024478_001,0
013870_007,6
010487_002,1
004452_001,0
022559_002,1
037225_001,0
016142_009,8
014148_006,5
032851_005,4
021063_002,1
012464_005,4
003166_004,3
007048_002,1
033562_007,6
031289_003,2
029566_001,0
000736_003,2
004092_008,7
012049_003,2
027893_001,0
033048_006,5
013715_008,7
013618_003,2
016629_001,0
018802_006,5
035469_009,8
038161_007,6
006910_001,0
009510_008,7
011188_007,6
026758_003,2
037050_001,0
002207_007,6
008523_002,1
021819_002,1
023110_001,0
032758_003,2
019923_002,1
022984_001,0
019658_001,0
002951_005,4
003381_001,0
037162_001,0
007541_007,6
018899_002,1
031668_006,5
029333_009,8
022683_008,7
003496_005,4
002496_006,5
003465_002,1
030447_006,5
008313_007,6
008149_006,5
026128_005,4
018713_003,2
032212_001,0
024303_003,2
005371_001,0
016790_001,0
036111_002,1
015991_005,4
017738_001,0
003805_009,8
005048_006,5
037479_007,6
004649_002,1
027560_003,2
022524_006,5
032417_001,0
004304_008,7
007138_001,0
039089_001,0
026760_005,4
037359_009,8
026200_006,5
006104_005,4
012551_004,3
016146_002,1
009880_001,0
019053_004,3
016341_006,5
015680_002,1
028090_006,5
014946_003,2
022573_004,3
008176_001,0
013935_007,6
029514_001,0
022149_009,8
030572_006,5
019723_003,2
024381_009,8
026218_002,1
001326_002,1
031669_001,0
013812_007,6
032492_002,1
017740_006,5
035703_009,8
030280_001,0
011603_005,4
011499_001,0
013610_002,1
010985_005,4
026258_009,8
039857_006,5
010139_001,0
034612_003,2
006543_001,0
000480_003,2
016555_001,0
037955_008,7
031418_006,5
011535_003,2
016294_005,4
038531_003,2
006951_001,0
039003_003,2
001543_008,7
034983_001,0
034423_005,4
039243_001,0
035325_002,1
019293_005,4
034269_007,6
000088_001,0
025627_001,0
002968_003,2
003898_002,1
019758_002,1
010339_008,7
010063_009,8
005206_008,7
038498_006,5
007740_009,8
004070_002,1
008004_009,8
029763_002,1
018885_006,5
024513_002,1
003485_009,8
028798_008,7
030706_006,5
039698_009,8
029927_009,8
020783_006,5
005080_005,4
025144_002,1
018291_001,0
011455_006,5
010663_002,1
001517_009,8
029741_003,2
008994_007,6
018192_005,4
039314_005,4
023496_009,8
012632_006,5
029083_002,1
000132_001,0
029421_006,5
006498_003,2
039799_006,5
018278_002,1
002937_003,2
012753_007,6
037533_007,6
008120_001,0
016922_007,6
004745_002,1
021454_001,0
012651_005,4
004748_005,4
032995_001,0
030378_007,6
034352_002,1
007631_009,8
005135_004,3
013208_001,0
026541_007,6
015073_002,1
036342_003,2
028291_006,5
006187_005,4
020058_008,7
025991_007,6
008228_001,0
008318_002,1
035874_004,3
018242_006,5
013793_002,1
025247_001,0
030239_009,8
016212_006,5
004559_001,0
030132_003,2
015034_009,8
027771_001,0
019355_002,1
018716_008,7
007800_001,0
003111_002,1
026312_002,1
015824_008,7
022092_001,0
003933_001,0
015474_002,1
016293_004,3
005837_007,6
018607_003,2
024158_005,4
013773_009,8
015761_002,1
015578_001,0
013696_007,6
000427_001,0
008164_004,3
011685_002,1
001526_002,1
033891_002,1
034546_002,1
037127_002,1
003740_003,2
007765_004,3
002578_002,1
005743_001,0
007215_006,5
011506_009,8
016044_005,4
034921_005,4
016302_006,5
005348_002,1
029575_005,4
026919_006,5
014043_001,0
016268_002,1
015214_004,3
001113_008,7
015170_001,0
039632_001,0
022607_006,5
018794_006,5
005862_001,0
031715_003,2
018853_005,4
026092_003,2
039049_001,0
033210_006,5
034305_002,1
027077_006,5
025027_002,1
036883_008,7
032356_009,8
013766_007,6
027947_002,1
004383_002,1
030611_001,0
026075_005,4
029018_001,0
001700_007,6
000876_001,0
034849_006,5
016634_001,0
009526_003,2
007939_003,2
024385_003,2
001283_007,6
028377_001,0
016493_002,1
002874_009,8
031360_009,8
033885_009,8
016983_002,1
038582_002,1
017220_005,4
004901_005,4
034293_002,1
026972_003,2
010442_001,0
038648_006,5
018680_003,2
036338_003,2
033213_002,1
011008_008,7
031489_003,2
034781_006,5
005892_001,0
016104_001,0
013762_006,5
003554_007,6
023453_002,1
008529_006,5
013598_006,5
000773_007,6
029631_007,6
001075_006,5
028955_007,6
009606_001,0
024315_001,0
007417_007,6
030307_005,4
009914_001,0
038290_007,6
004301_006,5
018617_007,6
018944_004,3
005761_002,1
038370_001,0
021799_008,7
015559_001,0
013706_004,3
012831_007,6
009318_002,1
031593_001,0
021610_002,1
023833_002,1
013915_009,8
011938_007,6
027817_002,1
006098_006,5
014225_008,7
011169_008,7
027641_006,5
005005_005,4
039774_006,5
010535_009,8
022308_003,2
037570_001,0
003297_002,1
003783_005,4
030665_005,4
021368_002,1
032585_002,1
006783_009,8
014763_005,4
000696_001,0
009202_003,2
012910_009,8
000396_009,8
013460_001,0
034087_001,0
004179_006,5
003492_003,2
025730_001,0
005617_001,0
039063_008,7
037369_008,7
001822_008,7
028849_008,7
014835_001,0
010678_001,0
020177_007,6
017790_008,7
030734_003,2
001151_008,7
014040_002,1
031347_006,5
033275_002,1
014888_001,0
029277_007,6
005312_006,5
020648_005,4
008283_005,4
001986_005,4
026891_002,1
023297_006,5
037228_008,7
007206_002,1
032448_006,5
033291_001,0
017971_002,1
034166_007,6
028477_008,7
015581_003,2
007961_006,5
003223_003,2
000914_009,8
002028_006,5
038030_001,0
035618_006,5
026337_002,1
007484_007,6
020290_001,0
000224_008,7
026484_008,7
026345_008,7
022483_007,6
008511_009,8
038201_008,7
035074_006,5
026344_001,0
037083_002,1
038052_001,0
014409_006,5
035788_006,5
027825_006,5
008543_003,2
000215_005,4
014688_006,5
003577_007,6
030785_006,5
002940_007,6
019443_002,1
030398_003,2
011442_001,0
036435_005,4
008517_001,0
020868_008,7
001036_005,4
020760_002,1
006122_002,1
039749_001,0
007142_001,0
027586_009,8
029622_005,4
030835_006,5
022210_001,0
031324_003,2
024875_009,8
011645_009,8
034819_001,0
002762_005,4
034919_005,4
029756_001,0
003104_006,5
015357_003,2
021529_003,2
001706_008,7
025215_007,6
015453_007,6
001474_006,5
030548_003,2
008296_005,4
004195_009,8
021326_006,5
032568_008,7
037945_006,5
005023_009,8
031343_001,0
012281_006,5
012264_002,1
016120_001,0
012117_001,0
029842_001,0
036137_003,2
021364_001,0
010598_001,0
037827_002,1
007597_002,1
008476_006,5
012586_001,0
037452_002,1
029869_007,6
038560_007,6
036597_003,2
032136_005,4
009711_003,2
006112_007,6
029019_003,2
034242_002,1
004663_006,5
028984_006,5
012506_001,0
033060_003,2
017505_001,0
029605_003,2
038768_002,1
011046_002,1
022429_001,0
023879_007,6
003812_006,5
015985_007,6
018343_006,5
033321_001,0
014896_001,0
023431_003,2
012608_008,7
008255_008,7
016544_003,2
029007_002,1
025876_005,4
039220_005,4
031172_001,0
005706_008,7
015929_001,0
030946_002,1
000660_003,2
033007_008,7
014289_005,4
027621_001,0
033259_002,1
006876_006,5
018297_003,2
021503_002,1
003046_001,0
017691_007,6
017383_001,0
028216_008,7
026838_003,2
039392_001,0
035805_007,6
030937_002,1
028829_009,8
032615_006,5
009304_006,5
011661_006,5
031635_001,0
033365_001,0
003862_002,1
032502_005,4
014258_006,5
017668_008,7
031455_002,1
029364_003,2
002079_004,3
000697_006,5
018621_006,5
021683_008,7
021009_006,5
029171_002,1
013342_001,0
005265_009,8
004125_001,0
003109_007,6
026342_001,0
021639_001,0
017743_006,5
030589_001,0
032439_003,2
025295_003,2
021482_001,0
025463_001,0
004075_006,5
024296_009,8
008053_003,2
020023_005,4
035425_001,0
024716_001,0
015290_001,0
006218_005,4
039115_002,1
029664_001,0
026109_007,6
002299_001,0
010131_007,6
023779_005,4
039010_006,5
020598_002,1
004349_003,2
025553_006,5
004142_006,5
014067_009,8
008910_001,0
028780_002,1
004214_007,6
038763_001,0
018138_001,0
002942_002,1
015393_003,2
037310_002,1
039904_005,4
013362_007,6
012353_006,5
037348_006,5
023021_002,1
020320_001,0
016435_008,7
000573_006,5
016198_006,5
022158_005,4
021848_009,8
037075_006,5
002872_005,4
005636_002,1
028758_009,8
014623_001,0
039459_008,7
014514_001,0
030500_009,8
026386_007,6
024318_004,3
036454_006,5
035289_007,6
004695_007,6
027550_001,0
022040_001,0
032031_001,0
032413_006,5
020101_005,4
024744_003,2
019077_006,5
026086_006,5
037504_006,5
017715_007,6
020579_002,1
023563_002,1
038905_006,5
025117_002,1
029425_009,8
027151_006,5
039087_001,0
030949_002,1
023911_007,6
014098_001,0
009649_008,7
019689_009,8
023801_002,1
012359_006,5
014532_001,0
017910_009,8
027218_002,1
006644_001,0
039170_003,2
003737_007,6
009105_006,5
018672_002,1
012144_009,8
034830_002,1
033500_001,0
021898_002,1
031712_001,0
029544_002,1
011790_006,5
036138_009,8
039602_008,7
026404_008,7
026645_009,8
019113_001,0
032184_007,6
001361_003,2
025123_001,0
000836_002,1
021286_002,1
013780_002,1
028485_007,6
005244_001,0
022195_006,5
039188_001,0
024989_002,1
031811_009,8
038714_001,0
005821_005,4
038415_003,2
015790_005,4
037981_005,4
038151_003,2
026254_002,1
029076_002,1
003116_003,2
026520_009,8
011714_008,7
022775_001,0
018354_007,6
008649_006,5
024574_002,1
039685_003,2
024121_009,8
035351_001,0
035870_001,0
007883_002,1
003131_007,6
002510_002,1
014095_008,7
001807_001,0
021184_001,0
008503_002,1
032255_001,0
037607_001,0
032479_006,5
016313_001,0
031952_009,8
013731_002,1
000803_002,1
022516_002,1
023599_007,6
019036_006,5
036773_006,5
019275_002,1
032592_002,1
009310_007,6
031735_003,2
009149_003,2
028615_005,4
022173_005,4
023026_002,1
016444_001,0
007889_002,1
002139_007,6
017588_009,8
034844_007,6
003855_001,0
034222_003,2
013176_001,0
039142_006,5
038240_002,1
008101_001,0
014665_007,6
030556_006,5
007495_005,4
021350_002,1
032998_001,0
016497_006,5
022506_003,2
029727_005,4
026947_004,3
012365_007,6
018762_001,0
003259_003,2
012356_002,1
015447_009,8
024490_002,1
017352_001,0
017590_001,0
000733_002,1
038725_008,7
006237_005,4
019129_001,0
031634_001,0
025033_001,0
014351_005,4
007645_001,0
024780_005,4
003174_005,4
004240_001,0
020359_003,2
029677_006,5
033601_006,5
000412_005,4
018562_007,6
023935_006,5
038283_006,5
018506_009,8
008346_007,6
039330_006,5
033789_002,1
018389_001,0
010695_006,5
018535_007,6
001819_001,0
017568_007,6
035032_004,3
023040_003,2
018956_008,7
000943_009,8
028524_006,5
029352_003,2
029283_001,0
031382_009,8
004049_003,2
034598_009,8
012678_009,8
018671_006,5
031896_001,0
012754_001,0
011177_009,8
023569_001,0
031179_001,0
026402_003,2
001725_002,1
026723_006,5
031595_003,2
013821_001,0
011125_003,2
022482_008,7
010557_001,0
003178_006,5
032871_008,7
014371_006,5
034276_002,1
033967_002,1
036363_002,1
032564_006,5
035978_003,2
012993_005,4
038760_007,6
000898_001,0
020098_001,0
016542_005,4
025940_008,7
004657_002,1
034037_002,1
020669_008,7
013655_001,0
005398_001,0
039540_002,1
035463_001,0
004846_008,7
034749_005,4
023668_006,5
032176_001,0
035300_006,5
018650_005,4
022235_006,5
015513_003,2
037332_001,0
034823_001,0
017482_003,2
002456_009,8
032085_002,1
016837_001,0
031113_005,4
029422_001,0
007781_009,8
020779_009,8
014530_009,8
008597_001,0
011185_008,7
013533_005,4
037610_001,0
007490_001,0
004805_002,1
018773_009,8
018929_003,2
016225_005,4
036465_001,0
019300_002,1
014819_006,5
027544_009,8
036582_003,2
027672_007,6
035174_002,1
008771_006,5
034035_009,8
004431_002,1
022388_007,6
039718_006,5
031191_002,1
016524_003,2
036606_001,0
011365_001,0
033539_003,2
008395_007,6
031071_001,0
025750_002,1
036720_002,1
033223_002,1
004989_008,7
036446_001,0
006575_006,5
003844_003,2
010723_003,2
034666_001,0
022099_001,0
028271_009,8
001743_001,0
006481_006,5
019767_002,1
019184_006,5
008287_001,0
033989_001,0
015344_002,1
033167_008,7
006257_001,0
000896_001,0
000191_007,6
026552_001,0
031089_009,8
037072_007,6
036684_007,6
034500_009,8
004420_002,1
021593_002,1
035782_004,3
011821_001,0
014433_006,5
004036_001,0
035383_001,0
014188_003,2
009669_005,4
010035_009,8
031330_007,6
031473_003,2
018941_006,5
029932_002,1
010244_002,1
019376_006,5
014670_007,6
034141_001,0
004091_002,1
023772_008,7
039519_002,1
038860_006,5
039292_009,8
014811_004,3
001711_001,0
000404_007,6
028985_006,5
011217_003,2
012886_002,1
005544_003,2
036487_006,5
023593_001,0
021821_001,0
019713_002,1
026074_006,5
035611_008,7
023928_008,7
017193_007,6
014377_009,8
003277_006,5
022746_001,0
030573_003,2
021293_008,7
035348_003,2
003716_001,0
001513_006,5
027425_009,8
021483_001,0
037394_002,1
018943_006,5
012290_009,8
030069_001,0
009350_002,1
026080_005,4
012723_003,2
028627_002,1
035847_008,7
024039_003,2
018482_002,1
001857_003,2
033034_003,2
019548_008,7
039381_001,0
016684_002,1
015791_002,1
033511_005,4
033632_007,6
031617_001,0
016947_002,1
007103_002,1
021533_006,5
014233_002,1
033516_002,1
020136_005,4
007672_002,1
002330_005,4
000699_002,1
024913_001,0
011314_002,1
030400_002,1
039735_006,5
027322_006,5
031261_008,7
030047_003,2
017514_002,1
024970_002,1
020613_004,3
019345_003,2
013148_007,6
030041_007,6
018360_003,2
027046_002,1
001821_001,0
003333_007,6
018724_001,0
026027_002,1
015045_002,1
035358_003,2
038277_007,6
000691_005,4
032337_001,0
030804_007,6
025010_002,1
032252_002,1
004124_003,2
021966_009,8
035660_002,1
012002_009,8
001993_001,0
004613_001,0
033556_009,8
034932_001,0
017242_002,1
019281_007,6
025776_009,8
033592_009,8
003699_006,5
039257_008,7
005599_001,0
028514_009,8
012446_009,8
025115_006,5
002993_001,0
003451_006,5
023105_001,0
035127_007,6
025222_001,0
005237_006,5
037337_005,4
022496_009,8
019310_002,1
015887_006,5
018238_005,4
039835_009,8
015157_001,0
025938_006,5
020538_006,5
003483_001,0
001690_005,4
038076_001,0
013195_008,7
011019_002,1
006052_009,8
008244_002,1
033194_006,5
000547_006,5
005746_002,1
031134_002,1
030074_006,5
036069_007,6
011077_007,6
016588_002,1
007751_006,5
037649_006,5
008873_002,1
020393_001,0
019409_001,0
014641_007,6
039600_002,1
037210_005,4
015376_007,6
014799_002,1
021023_007,6
022979_005,4
015830_007,6
005712_002,1
016402_002,1
006020_004,3
005593_001,0
002646_007,6
025184_005,4
009724_001,0
031171_009,8
010656_002,1
011497_007,6
011818_005,4
009832_008,7
034240_001,0
015430_001,0
039151_006,5
021270_007,6
028961_007,6
018260_001,0
038787_007,6
037311_001,0
020330_001,0
009379_002,1
039703_009,8
032663_006,5
004809_001,0
029088_001,0
038202_002,1
012424_002,1
004639_001,0
033550_006,5
025626_001,0
000328_007,6
019715_005,4
026766_001,0
030104_003,2
029174_006,5
027941_002,1
028396_007,6
003975_007,6
024696_001,0
009515_001,0
003077_002,1
029638_009,8
013072_007,6
026277_005,4
019487_006,5
027667_009,8
009514_008,7
000321_003,2
034007_009,8
026157_005,4
002093_008,7
001034_006,5
020385_003,2
009876_004,3
009746_008,7
039364_001,0
004440_002,1
007311_007,6
037466_001,0
030182_008,7
019271_005,4
014550_008,7
006613_001,0
000187_009,8
015011_005,4
025960_006,5
038540_002,1
019989_002,1
019215_001,0
003300_005,4
010861_002,1
036992_009,8
017057_001,0
014332_008,7
010224_008,7
009623_005,4
011834_002,1
018209_008,7
037379_005,4
002898_001,0
029397_002,1
008206_005,4
024654_001,0
007348_006,5
007521_002,1
012492_006,5
023978_005,4
010690_002,1
021446_005,4
014872_006,5
009142_007,6
005856_007,6
006435_006,5
008638_002,1
015550_009,8
001053_001,0
035705_002,1
002965_005,4
009588_006,5
012079_005,4
024911_004,3
033546_008,7
003216_001,0
004483_004,3
012499_002,1
003824_001,0
030030_005,4
027306_009,8
018341_003,2
036324_003,2
038059_001,0
027846_006,5
023944_001,0
021997_005,4
028494_005,4
027849_001,0
016689_006,5
019979_006,5
021647_009,8
009999_009,8
021422_004,3
018923_002,1
021962_003,2
013067_006,5
004575_001,0
030192_002,1
037662_001,0
007835_008,7
033141_004,3
000968_001,0
015577_002,1
023803_001,0
032098_004,3
008257_002,1
004329_007,6
017804_001,0
009802_006,5
028412_001,0
032421_001,0
000746_002,1
002751_002,1
000102_003,2
026301_006,5
028678_007,6
017771_001,0
018078_006,5
001586_002,1
018129_008,7
034212_008,7
019788_001,0
031376_002,1
029978_008,7
033883_007,6
010270_002,1
025333_001,0
008765_005,4
039583_002,1
026237_006,5
034330_001,0
032391_003,2
004104_001,0
034189_004,3
012390_002,1
006236_006,5
006563_009,8
030252_008,7
022439_001,0
020924_005,4
010156_001,0
036755_007,6
001172_001,0
033390_003,2
029069_005,4
016349_003,2
000815_006,5
037085_001,0
016608_007,6
007514_006,5
036337_001,0
008842_006,5
029261_001,0
009853_008,7
008143_006,5
007523_003,2
001082_002,1
018005_006,5
007526_001,0
004076_006,5
011923_001,0
031226_001,0
032180_006,5
010653_006,5
022216_002,1
013076_001,0
035181_005,4
035202_001,0
004388_001,0
014288_009,8
006401_001,0
035056_001,0
021035_001,0
030524_002,1
023218_002,1
005627_001,0
005222_005,4
028707_008,7
021383_003,2
021336_001,0
037509_001,0
018658_009,8
009915_001,0
009570_006,5
030471_009,8
025352_008,7
032659_008,7
036146_007,6
022997_002,1
016707_001,0
026974_007,6
019662_006,5
039113_006,5
037482_002,1
019149_001,0
027524_001,0
018024_001,0
038088_002,1
006474_004,3
021773_001,0
003781_005,4
028717_002,1
027773_005,4
003079_008,7
001624_002,1
005812_001,0
010133_002,1
017496_008,7
010486_008,7
019039_005,4
007447_001,0
034662_005,4
022037_006,5
005781_004,3
006337_008,7
003320_001,0
038730_001,0
031694_001,0
029599_006,5
033045_007,6
026434_002,1
031959_008,7
000900_005,4
005384_002,1
029045_001,0
035502_002,1
005044_002,1
006420_002,1
039045_002,1
011803_006,5
001800_002,1
010111_008,7
002796_003,2
010004_001,0
010151_003,2
002267_002,1
017918_001,0
020124_002,1
000871_001,0
034551_002,1
010058_005,4
003407_002,1
000844_007,6
028491_002,1
025150_001,0
035193_001,0
003305_001,0
035252_004,3
025323_006,5
025078_001,0
004317_006,5
022739_006,5
009131_003,2
020758_006,5
017491_001,0
012924_003,2
016417_003,2
022942_007,6
039155_001,0
024024_006,5
036279_003,2
036887_001,0
036543_008,7
026862_006,5
010177_001,0
038699_009,8
007550_006,5
012347_002,1
000105_003,2
002570_002,1
019162_007,6
019823_005,4
039509_009,8
013593_007,6
021560_007,6
027117_002,1
009159_009,8
001137_006,5
018444_009,8
007436_007,6
035418_001,0
001302_004,3
013650_002,1
032497_004,3
024566_006,5
020261_002,1
002422_001,0
029504_001,0
010175_003,2
006128_003,2
018522_006,5
025574_001,0
013620_001,0
038762_001,0
033934_001,0
010918_002,1
000073_007,6
018674_001,0
004262_001,0
001984_007,6
037957_005,4
008699_006,5
024808_001,0
025442_004,3
000798_002,1
031743_007,6
027092_006,5
014907_003,2
032148_006,5
024721_008,7
011746_001,0
000027_006,5
024612_007,6
020522_001,0
007438_006,5
031228_009,8
013138_003,2
032095_001,0
023248_001,0
036803_006,5
030031_001,0
022982_001,0
023230_009,8
027273_004,3
031942_006,5
012932_001,0
032300_004,3
015149_006,5
027847_002,1
034976_002,1
013596_001,0
031323_007,6
033108_005,4
013756_002,1
038524_007,6
033623_001,0
018566_002,1
012407_006,5
020739_008,7
001552_008,7
009234_003,2
026185_009,8
021720_002,1
028037_001,0
019106_001,0
007199_002,1
020463_001,0
029146_005,4
017950_008,7
000609_001,0
035899_001,0
024572_007,6
017907_002,1
005969_006,5
039963_003,2
019945_002,1
016683_001,0
009323_001,0
013549_006,5
030986_003,2
021713_001,0
004006_006,5
028014_005,4
008570_001,0
036191_001,0
017489_001,0
024457_009,8
000417_008,7
003927_001,0
006788_003,2
017573_006,5
030284_001,0
017554_006,5
037434_009,8
011005_009,8
027922_009,8
019827_006,5
006787_001,0
004294_005,4
024903_006,5
017869_007,6
034105_007,6
010225_009,8
017208_002,1
010655_002,1
039900_003,2
019189_001,0
014426_005,4
003199_006,5
027224_008,7
004297_006,5
026729_005,4
004679_001,0
022357_007,6
028993_008,7
002960_001,0
026181_001,0
030621_005,4
011300_001,0
030434_006,5
019536_004,3
007245_004,3
034024_009,8
007000_006,5
038692_008,7
002373_006,5
032126_001,0
002920_008,7
006432_007,6
037949_003,2
021233_003,2
033560_005,4
024993_003,2
021295_002,1
000254_002,1
033600_001,0
006615_007,6
016705_006,5
022257_007,6
022462_008,7
038757_007,6
008631_001,0
009539_002,1
023115_001,0
005922_004,3
013704_009,8
013698_001,0
018596_001,0
022378_002,1
007545_002,1
